Имя файла;Автор;Название;Год;Название журнала;Номер журнала
a_ch.krasnie_soldatiki.1925.txt;А.Ч.;Красные солдатики;1925;Мурзилка;2
a_ch.pioneri.1924.txt;А.Ч.;Пионеры;1924;Мурзилка;5
a_ch.v_gorod.1929.txt;А.Ч.;В город;1929;Мурзилка;12
alekseevskii.stolyar.1924.txt;Алексеевский Н.;Столяр;1924;Мурзилка;4
allegro.svetlii_den.1910.txt;Allegro;Светлый день;1910;Тропинка;8
altaev.znakomaya_kompaniya.1926.txt;Алтаев А.;Знакомая компания;1926;Мурзилка;5
andruson.deti_rabochie.1915.txt;Л. Андрусон ;Дети-рабочие;1915;Жаворонок;19
andruson.kolibelnie_pesenki.1916.txt;Л. Андрусон;У порога дремлет клен.;1916;Жаворонок;1
andruson.ulichnii_malchik.1916.txt;Л. Андрусон ;Уличный мальчик;1916;Жаворонок;12
andruson.vecher.1913.txt;Л. Андрусон;Вечер;1913;Жаворонок;3
arens.pautina.1915.txt;В. Аренс ;Паутина;1915;Жаворонок;13
ashukin.babushka.1910.txt;Ашукин Н.;Бабушка;1910;Тропинка;3
ashukin.bukvarik.1924.txt;Ашукин Н.;Букварик;1924;Мурзилка;6
ashukin.utro.1918.txt;Ашукин Н.;Утро;1918;Для наших детей;4
astahov.krasnim_dnem.1928.txt;Астахов Н.;Красным днем;1928;Мурзилка;11
astrov.spi_malyutka.1910.txt;И. Астров;Спи, Малютка;1910;Светлячок;18
baikalov.snezhinki.1916.txt;С. Байкалов;Снежинки;1916;Жаворонок;11
balagin.kolibelnaya.1915.txt;А. Балагин;Колыбельная;1915;Жаворонок;23
balagin.pesn_materi.1915.txt;А. Балагин;Песнь матери;1915;Жаворонок;11
balmont.komariki_makariki.1912.txt;К. Бальмонт;Комарики-Макарики;1912;Тропинка;12
baranenkov.zima.1915.txt;В. Бараненков;Зима;1915;Незабудка;12
bars.igra_v_loshadki.1917.txt;Барс ;Игра в лошадки;1917;Для наших детей;5-6
bars.razve_skuchno.1916.txt;Барс;Разве скучно жить на свете,;1916;Для наших детей;4
bars.v_pyt.1915.txt;Барс;В путь;1915;Для наших детей;9
barto.bichok.1927.txt;Барто А.;Бычок;1927;Мурзилка;4
barto.galka.1926.txt;Барто А.;Галка;1926;Мурзилка;6
barto.lyagushka.1926.txt;Барто А.;Лягушка;1926;Мурзилка;8
barto.petushki.1926.txt;Барто А.;Петушки;1926;Мурзилка;10
barto.solovei.1927.txt;Барто А.;Соловей;1927;Мурзилка;7
barto.vorobei.1926.txt;Барто А.;Воробей;1926;Мурзилка;6
baskin_seredinskii.voznesemsya.1913.txt;С. Баскин-Серединский;Вознесемся;1913;Жаворонок;4
belousov.pered_vesnoi.1928.txt;Белоусов И.;Перед весной;1928;Мурзилка;4
belousov.pervii_snezhok.1926.txt;Белоусов И.;Первый снежок;1926;Мурзилка;11
belousov.s_gorki.1925.txt;Белоусов И.;С горки;1925;Мурзилка;12
belousov.terehino_gore.1925.txt;Белоусов И.;Терехино горе;1925;Мурзилка;3
belousov.v_pervomaiski.1925.txt;Белоусов И.;В первомайский праздник;1925;Мурзилка;5
belousov.zimi_dozhdalis.1911.txt;Белоусов И.;Зимы дождались;1911;Светлячок;2
belyaevskaya.19_fevralya_1911.1911.txt;О. Беляевская;19 февраля 1911 г.;1911;Тропинка;4
belyaevskaya.gorodskaya_vesna.1914.txt;О. Беляевская ;Городская весна;1914;Незабудка;5
belyaevskaya.letnei_poroi.1912.txt;О. Беляевская;Летней порой;1912;Тропинка;7
belyaevskaya.listopad.1911.txt;О. Беляевская;Листопад;1911;Тропинка;20
belyaevskaya.nochnoi_dozor.1915.txt;О. Беляевская;Ночной дозор;1915;Незабудка;12
belyaevskaya.pastir_dobrii.1911.txt;О. Беляевская;Пастырь добрый;1911;Тропинка;12
belyaevskaya.po_gribi.1911.txt;О. Беляевская;По грибы;1911;Тропинка;16
belyaevskaya.zimnee_utro.1912.txt;О. Беляевская;Зимнее утро;1912;Тропинка;2
bez_avtora.bodr_i_molod.1910.txt;б/а;Бодр и молод был грибок;1910;Светлячок;19
bez_avtora.bolshaya_rabota.1911.txt;б/а;Большая работа;1911;Светлячок;2
bez_avtora.golodnaya_ptichka.1915.txt;б/а;Голодная птичка;1915;Малым ребятам;6
bez_avtora.iz_za_chego.1910.txt;б/а;Из-за чего?;1910;Светлячок;17
bez_avtora.kacheli.1910.txt;б/а;Качели;1910;Светлячок;3
bez_avtora.kapli_dozhdevie.1915.txt;б/а;Капли дождевые;1915;Малым ребятам;3
bez_avtora.kapriznii_slonik.1910.txt;б/а;Капризный слоник;1910;Светлячок;12
bez_avtora.katastrofa.1910.txt;б/а;Катастрофа;1910;Светлячок;10
bez_avtora.kovarnii_drug.1911.txt;б/а;Коварный друг;1911;Светлячок;2
bez_avtora.kto.1910.txt;б/а;КТО?;1910;Светлячок;21
bez_avtora.kto_zhe_vinovat.1910.txt;б/а;Кто же виноват?;1910;Светлячок;16
bez_avtora.luchshaya_voina.1910.txt;б/а;Лучшая война;1910;Светлячок;18
bez_avtora.na_progulke.1911.txt;б/а;На прогулке;1911;Светлячок;14
bez_avtora.oboz.1915.txt;б/а;Обоз;1915;Малым ребятам;6
bez_avtora.osirotelaya_ptichka.1915.txt;б/а;Осиротелая птичка;1915;Малым ребятам;3
bez_avtora.ptichka.1915.txt;б/а;Птичка;1915;Малым ребятам;6
bez_avtora.rannie_cveti.1915.txt;б/а;Ранние цветы;1915;Малым ребятам;6
bez_avtora.soloveika.1915.txt;б/а;Соловейка;1915;Малым ребятам;6
bez_avtora.u_straha_glaza_veliki.1910.txt;б/а;У страха глаза велики!;1910;Светлячок;14
bez_avtora.ukrotitelnitsa_zhivotnih.1910.txt;б/а;Укротительница животных;1910;Светлячок;16
bez_avtora.vecher.1915.txt;б/а;Вечер;1915;Малым ребятам;6
bez_avtora.vesna.1915.txt;б/а;Весна;1915;Малым ребятам;3
bez_avtora.vot_tak_rasskazchik.1911.txt;б/а;Вот так рассказчик;1911;Светлячок;14
bez_avtora.vozduhoplavatel.1910.txt;б/а;Воздухоплаватель;1910;Светлячок;7
bikov.noch.1913.txt;П. Быков;Ночь;1913;Жаворонок;2
bikov.ptashkam.1913.txt;П. Быков; Пташкам ;1913;Жаворонок;9
bikov.v_ykraine.1916.txt;П. Быков;В Украине;1916;Жаворонок;5
bistrov.voskresenie.1912.txt;П. Быстров;Воскресение;1912;Тропинка;4
bogdanov.podpasok.1915.txt;А. Богданов ;Подпасок;1915;Жаворонок;10
bogdanov.v_lesu.1913.txt;А. Богданов  ;В лесу;1913;Жаворонок;2
bogomolov.hristos_voskres.1915.txt;Б. Богомолов;Христос Воскрес;1915;Жаворонок;6
bogomolov.kolokolchik.1915.txt;Б. Богомолов;Колокольчики ;1915;Жаворонок;8
bogomolov.krasnii_zvon.1913.txt;Б. Богомолов;Красный звон;1913;Жаворонок;4
bogomolov.moroz.1912.txt;Б. Богомолов;Мороз;1912;Задушевное слово;2
bogomolov.myatel.1913.txt;Б. Богомолов;Мятель;1913;Жаворонок;11
bogomolov.osennyaya_kartina.1912.txt;Б. Богомолов;Осенняя картина;1912;Задушевное слово;36
bogomolov.utro_v_parke.1912.txt;Б. Богомолов;Утро в парке;1912;Задушевное слово;30
borisov.za_chaem.1928.txt;Борисов Д.;За чаем;1928;Мурзилка;4
budishev.nakanune.1916.txt;А. Будищев ;Накануне ;1916;Жаворонок;2
budishev.vesnoi.1913.txt;А. Будищев ;Весной;1913;Жаворонок;6
budishev.volki.1913.txt;А, Будищев ;Волки ;1913;Жаворонок;1
budishev.zimoi.1913.txt;А. Будищев;Зимой;1913;Жаворонок;2
bunakov.aprel.1916.txt;Бунаков П.;Апрель;1916;Для наших детей;4
bunakov.izumrudnaya_volna.1917.txt;Бунаков П.;Изумрудная волна;1917;Для наших детей;5-6
bunakov.kadet.1917.txt;Бунаков П.;Кадет;1917;Для наших детей;5-6
bunakov.leto_proshlo.1915.txt;Бунаков П.;Лето прошло;1915;Для наших детей;9
bunakov.minovalo.1917.txt;Бунаков П.;Миновало;1917;Для наших детей;10-11
bunakov.na_polyanke.1915.txt;Бунаков П.;На полянке;1915;Для наших детей;8
bunakov.na_zare.1918.txt;Бунаков П.;На заре;1918;Для наших детей;4
bunakov.poehali.1917.txt;Бунаков П.;Поехали;1917;Для наших детей;10-11
bunakov.skolko_azarta.1918.txt;Бунаков П.;Сколько азарта…;1918;Для наших детей;3
bunakov.v_snegah.1917.txt;Бунаков П.;В снегах;1917;Для наших детей;12
bunakov.zima.1915.txt;Бунаков П.;Зима;1915;Для наших детей;11
bunakov.zima.1917.txt;Бунаков П.;Зима;1917;Для наших детей;12
bunakov.zubi_natochil.1916.txt;Бунаков П.;Зубы наточил;1916;Для наших детей;4
caplin.hor_snegov.1915.txt;А. Цаплин;Хор снегов;1915;Жаворонок;4
caplin.pamyati_nyani.1913.txt;А. Цаплин;Памяти няни;1913;Жаворонок;6
caplin.ruchei_v_gorah.1915.txt;А. Цаплин ;Ручей в горах;1915;Жаворонок;14
cenzor.kotenkini_imenini.1923.txt;Цензор Д.;Котенкины именины;1923;Воробей;2
cenzor.yuzhnoe_more.1915.txt;Цензор Д.;Южное море;1915;Жаворонок;17
charskaya.hristos_voskres.1912.txt;А. Чарская;Христос Воскрес;1912;Задушевное слово;21
charskaya.zamok_fei.1912.txt;Л. Чарская;Замок фей;1912;Задушевное слово;3
chebusheva-dmitrieva.ognennii_zmei.1912.txt;Е. Чебушева-Дмитрева;Огненный змей;1912;Задушевное слово;14
chelcov.avtobus.1927.txt;Чельцов А.;Автобус;1927;Мурзилка;5
chelcov.osen.1925.txt;Чельцов А.;Осень;1925;Мурзилка;10
chelcov.osenyu.1927.txt;Чельцов А.;Осенью;1927;Мурзилка;10
chelcov.rebyata_oktyabryata.1926.txt;Чельцов А.;Эй, ребята, октябрята;1926;Мурзилка;6
chelcov.u_plotini.1927.txt;Чельцов А.;У плотины;1927;Мурзилка;4
chelcov.v_lesu.1929.txt;Чельцов А.;В лесу;1929;Мурзилка;12
chelcov.vorobyshek.1928.txt;Чельцов А.;Воробышек;1928;Мурзилка;3
chelcov.zhatva.1926.txt;Чельцов А.;Жатва;1925;Мурзилка;8
chelcov.zimnim_utrom.1925.txt;Чельцов А.;Зимним утром;1925;Мурзилка;12
cheremisova.nakanyne_1_maya.1927.txt;Черемисова К.;Накануне 1-го мая;1927;Мурзилка;5
cherhyak.chistilshik_obuvi.1929.txt;Черняк Л.;Чистильщик обуви;1929;Мурзилка;8
chernisheva.ai_da_pioneri.1925.txt;Чернышева Е.;Ай-да пионеры;1925;Мурзилка;11
chernisheva.v_shkolu.1925.txt;Чернышева Е.;В школу;1925;Мурзилка;10
chernov.lesovik.1914.txt;Ф. Чернов;Лесовик;1914;Жаворонок;8
chernov.oblaka.1916.txt;Ф. Чернов;Облака;1916;Жаворонок;10
chokoi.blagovest.1916.txt;М. Чокой ;Благовест;1916;Незабудка;1
chokoi.hristos_sredi_nas.1915.txt;М.Чокой ;Христос среди нас;1915;Незабудка;12
chokoi.hristos_voskres.1915.txt;М. Чокой ;Христос воскрес;1915;Незабудка;3
chukovskii.portniha.1926.txt;Чуковский Н.;Портниха;1926;Мурзилка;3
chukovskii.sapozhnik.1926.txt;Чуковский Н.;Сапожник;1926;Мурзилка;2
chumikina.dozhdik.1925.txt;Чумикина М.;Дождик;1925;Мурзилка;9
demyanova.klesti.1928.txt;Демьянова Г.;Клесты;1928;Мурзилка;11
demyanova.krasnaya_skazochka.1927.txt;Демьянова Г.;Красная сказочка;1927;Мурзилка;10
demyanova.kuropatka.1928.txt;Демьянова Г.;Куропатка;1928;Мурзилка;3
demyanova.malenkii_risovalshik.1928.txt;Демьянова Г.;Маленький рисовальщик;1928;Мурзилка;12
demyanova.polevie_mishi.1928.txt;Демьянова Г.;Полевые мыши;1928;Мурзилка;11
demyanova.pomoshniki.1928.txt;Демьянова Г.;Помощники;1928;Мурзилка;8
demyanova.ulitka.1927.txt;Демьянова Г.;Улитка;1927;Мурзилка;7
demyanova.zaikina_shubka.1927.txt;Демьянова Г.;Зайкина шубка;1927;Мурзилка;10
demyanova.zayachya_shubka.1928.txt;Демьянова Г.;Заячья шубка;1928;Мурзилка;3
deshkin.v_lesu.1910.txt;Дешкин;В лесу;1916;Зорька;1
dmitriev.hleb_nash_nasushnii.1916.txt;А. Дмитриев ;Хлеб наш насущный;1916;Незабудка;10
dobrohotov.na_verbnom_torge.1911.txt;А. Доброхотов;На вербном торге;1911;Светлячок;7
dobrova.sirotki.1910.txt;Н. Доброва ;Сиротки;1910;Светлячок;17
drozhzhin.letnii_vecher_v_derevne.1914.txt;С. Дрожжин ;Летний вечер в деревне;1914;Жаворонок;5
drozhzhin.otdih_posle_truda.1914.txt;С. Дрожжин ;Отдых после труда;1914;Жаворонок;1
drozhzhin.poet_moya_dusha.1915.txt;С. Дрожжин ;Поет моя душа;1915;Жаворонок;4
drozhzhin.vesennii_den.1913.txt;С. Дрожжин;Весенний день;1913;Жаворонок;3
dubyanskaya.belie_dorozhki.1929.txt;Дубянская М.;Белые дорожки, белый снег;1929;Мурзилка;12
dubyanskaya.nash_teatr.1928.txt;Дубянская М.;Наш театр;1928;Мурзилка;4
dubyanskaya.yashik_s_kraskami.1927.txt;Дубянская М.;Ящик с красками;1927;Мурзилка;12
dusin.kot_vaska.1918.txt;П. Дусин;Кот Васька;1918;Для наших детей;5
dusin.na_katok.1915.txt;П. Дусин;На каток;1915;Для наших детей;11
dusin.pesnya_gnomov.1915.txt;П. Дусин;Песня гномов;1915;Для наших детей;4
dvoryashin.pastushok.1916.txt;В. Дворяшин;Пастушок;1916;Жаворонок;8
e_p.v_den_blagoveshenya.1914.txt;Е. П. ;В день благовещения;1914;Незабудка;3
e_p.v_svyatuyu_noch.1915.txt;Е. П.;В святую ночь;1915;Незабудка;12
ezerskii.bulochnaya.1927.txt;Езерский В.;Булочная;1927;Мурзилка;4
ezerskii.na_salazkah.1926.txt;Езерский В.;На салазках  ;1926;Мурзилка;12
ezerskii.vesennie_kartinki.1928.txt;Езерский В.;Весенние картинки;1928;Мурзилка;3
fedorchenko.na_solnishko.1929.txt;Федорченко С.;На солнышко;1929;Мурзилка;8
fedorchenko.oktyabrenok_i_kotenok.1929.txt;Федорченко С.;Октябренок и котенок;1929;Мурзилка;6
fedorchenko.zharko.1929.txt;Федорченко С.;Жарко;1929;Мурзилка;8
fedorchenko.zimoi.1929.txt;Федорченко С.;Зимой;1929;Мурзилка;12
folbaum.bumazhnii_plyasun.1911.txt;Н. Фольбаум ;Бумажный плясун;1911;Светлячок;1
folbaum.chto_takoe.1911.txt;Н. Фольбаум ; Что там такое?;1911;Светлячок;7
folbaum.osen.1910.txt;Н. Фольбаум ; Осень;1910;Светлячок;19
folbaum.ptichii_gorodok.1910.txt;Н. Фольбаум ;Птичий городок;1910;Светлячок;14
folbaum.starinnii_mednii_kolokol.1911.txt;Н. Фольбаум;Старинный медный колокол;1911;Светлячок;8
folbaum.venki.1910.txt;Н. Фольбаум ;Венки;1910;Светлячок;10
frid.na_rodine.1915.txt;С. Фрид ;На родине;1915;Жаворонок;9
ft.muhi.1911.txt;ФТ;Мухи;1911;Светлячок;18
ft.u_ogonka.1911.txt;ФТ;У огонька ;1911;Светлячок;4
galina.na_zare.1914.txt;Г. Галина ;На заре;1914;Жаворонок;5
galina.osuzhdennii.1912.txt;Г. Галина;Осужденный;1912;Задушевное слово;23
galina.pamyati_borca_za_obezdolennih.1914.txt;Г. Галина ;Памяти борца за обездоленных;1914;Жаворонок;1
galina.sam_ivan.1910.txt;Г. Галина;Сам Иван Иваныч Встанька;1910;Светлячок;6
galina.solnce_ronyaet_luchi.1914.txt;Г. Галина ;Солнце роняет лучи;1914;Жаворонок;9
gavrilov_lebedev.tolko_mai_na_zemlu.1914.txt;П. Гаврилов-Лебедев;Только май на землю глянул;1914;Жаворонок;8
gavrilov_lebedev.zima.1914.txt;П. Гаврилов-Лебедев ;Зима;1914;Жаворонок;11
gek_fin.arhitektor.1928.txt;Гек Финн;Архитектор;1928;Мурзилка;3
gek_fin.na_lizhah.1926.txt;Гек Финн;На лыжах;1926;Мурзилка;12
gennigs.tramvai.1927.txt;Генингс Я.;Трамвай;1927;Мурзилка;11
genov.pomoshnik.1928.txt;Генов ;Помощник;1928;Мурзилка;3
gippius.devochka.1912.txt;З. Гиппиус;Девочка;1912;Тропинка;1
gladkov.videnie_bogomateri.1915.txt;Н. Гладков ;Видение Богоматери;1915;Незабудка;12
glinishskiyi.pridorozhnie.1913.txt;А. Глинищский ;Придорожные;1913;Жаворонок;8
godin.zherebenok_v_ovse.1927.txt;Годин Я.;Жеребенок в овсе;1927;Мурзилка;9
gorodeckii.dai_mne_rychenki_svoi.1912.txt;С. Городецкий;Дай мне рученьки твои;1912;Задушевное слово;1
gorodeckii.hristova_dochka.1910.txt;С. Городецкий ;Христова дочка;1910;Тропинка;8
gorshkov.8.1925.txt;Горшков В.;Восемь;1925;Мурзилка;11
grinevskaya.elka.1914.txt;И. Гриневская ;Елка;1914;Жаворонок;12
gryshko.nischaya.1914.txt;Н. Грушко;Нищая;1914;Жаворонок;1
guselnikov.v_chitalne.1926.txt;Гусельников В. ;В читальне;1926;Мурзилка;6
gurinova.v_shkolu.1928.txt;Гуринова Л.;В школу;1928;Мурзилка;10
gyrvich.otplitie.1912.txt;И. Гурвич;Отплытие;1912;Задушевное слово;32
gyrvich.shveya.1912.txt;И. Гурвич;Швея;1912;Задушевное слово;28
gzhatskii.malenkaya_nyanya.1918.txt;Гжатский ;Маленькая няня;1918;Для наших детей;5
gzhatskii.noyabr.1915.txt;Гжатский;Ноябрь;1915;Для наших детей;11
gzhatskii.pesnya_gribov.1915.txt;Гжатский;Песня грибов;1915;Для наших детей;8
gzhatskii.rvetsya_solnishko_v_okoshko.1916.txt;Гжатский;Рвется солнышко в окошко;1916;Для наших детей;4
gzhatskii.svetlii_den.1918.txt;Гжатский ;Светлый день;1918;Для наших детей;4
gzhatskii.v_shkolu.1915.txt;Гжатский;В школу;1915;Для наших детей;9
gzhatskii.zdravstvui_solnishko.1915.txt;Гжатский;Здравствуй, Солнышко;1915;Для наших детей;4
gzhatskii.zemlyanika_pospela.1915.txt;Гжатский;Земляника поспела;1915;Для наших детей;8
ierodaykon.novogodnii_privet.1916.txt;Иеродьякон Ефимий;Новогодний привет;1916;Незабудка;1
iris.osennee_utro.1916.txt;Ирис;Осеннее утро;1916;Золотое детство;1
iris.posle_elki.1916.txt;Ирис;После елки;1916;Золотое детство;4
isachenko.vasilek.1914.txt;М. Исаченко;Василек;1914;Незабудка;6
ivanenko.leshin_son.1925.txt;Иваненко Е.;Лешин сон;1925;Мурзилка;3
k_t.belka_v_tyurme.1917.txt; К.Т.;Белка в тюрьме;1917;Для наших детей;5-6
k_t.popkina_gostya.1917.txt; К.Т.;Попкина гостья;1917;Для наших детей;5-6
k_t.vigovor_kuklam.1917.txt; К.Т.;Выговор куклам;1917;Для наших детей;5-6
kamenskii.solnishko.1914.txt;А. Каменский ;Солнышко;1914;Жаворонок;3
kamenskii.v_poezde.1915.txt;А. Каменский ;В поезде;1915;Жаворонок;12
karpov.elfi.1913.txt;Н. Карпов ;Эльфы;1913;Жаворонок;10
karpov.snezhnii_ded.1913.txt;Н. Карпов;Снежный дед;1913;Жаворонок;3
karpov.zhalobi_leshego.1915.txt;Н. Карпов ;Жалобы лешего;1915;Жаворонок;11
karpov.zhar_ptica.1914.txt;Н. Карпов ;Жар-птица;1914;Жаворонок;6
kireev-gatchinskii.vesna.1916.txt;А. Киреев-Гатчинский ;Весна ;1916;Жаворонок;3
kireev-gatchinskii.belie_muhi.1916.txt;А. Киреев-Гатчинский ;Белые мухи;1916;Незабудка;1
kireev-gatchinskii.pered_prazdnikom.1915.txt;А. Киреев-Гатчинский;Перед праздником;1915;Незабудка;12
kireev-gatchinskii.pust.1915.txt;А. Киреев-Гатчинский ;Пусть;1915;Жаворонок;3
klimenko.vspomni.1910.txt;Клименко;Вспомни;1916;Зорька;1
klokova.dvornik.1927.txt;Клокова М.;Дворник;1927;Мурзилка;2
klokova.gora.1926.txt;Клокова М.;Гора;1926;Мурзилка;12
klokova.iriski.1926.txt;Клокова М.;Ириски;1926;Мурзилка;9
klokova.katya_bolshaya.1927.txt;Клокова М.;Катя большая;1927;Мурзилка;4
klokova.loshsadki.1926.txt;Клокова М.;Лошадки;1926;Мурзилка;7
klokova.maiskii.zhuk.1927.txt;Клокова М.;Майский жук;1927;Мурзилка;5
klokova.matreshka.1927.txt;Клокова М.;Матрешка;1927;Мурзилка;7
klokova.mi_za_delo_prinyalis.1928.txt;Клокова М.;Мы за дело принялись;1928;Мурзилка;9
klokova.more_propalo.1927.txt;Клокова М.;Море пропало!;1928;Мурзилка;7
klokova.na_velosipede.1927.txt;Клокова М.;На велосипеде;1927;Мурзилка;9
klokova.nasha_svinushka.1926.txt;Клокова М.;Наша свинушка;1926;Мурзилка;11
klokova.nochyu.1927.txt;Клокова М.;Ночью;1927;Мурзилка;3
klokova.oktyabr.1928.txt;Клокова М.;Октябрь ;1928;Мурзилка;11
klokova.pervii_sneg.1928.txt;Клокова М.;Первый снег;1928;Мурзилка;12
klokova.plotnik.1926.txt;Клокова М.;Плотник;1926;Мурзилка;9
klokova.po_pervoputku.1927.txt;Клокова М.;По первопутку;1927;Мурзилка;12
klokova.rozh.1929.txt;Клокова М.;Рожь;1929;Мурзилка;8
klokova.rozhok.1925.txt;Клокова М.;Рожок;1925;Мурзилка;5
klokova.snezhnaya_krepost.1926.txt;Клокова М.;Снежная крепость;1926;Мурзилка;1
klokova.sobiraemsya_v_dorogu.1928.txt;Клокова М.;Собираемся в дорогу;1928;Мурзилка;4
klokova.v_gorod.1928.txt;Клокова М.;В город;1928;Мурзилка;8
klokova.v_lesu.1927.txt;Клокова М.;В лесу;1928;Мурзилка;7
klokova.v_shkolu.1927.txt;Клокова М.;В школу;1927;Мурзилка;1
klokova.vesna_idet.1928.txt;Клокова М.;Весна идет;1928;Мурзилка;3
klokova.volchya_pesnya.1929.txt;Клокова М.;Волчья песня;1929;Мурзилка;12
klokova.zheltie_listya.1928.txt;Клокова М.;Желтые листья;1928;Мурзилка;10
knyazev.cveti_kommuni.1920.txt;Князев В.;Цветы коммуны;1920;Северное сияние;7-12
kolokolov.vyiuga.1915.txt;Н. Колоколов;Вьюга;1915;Жаворонок;24
klokova.k_prazdniku_rabotnic.1926.txt;Клокова М.;К празднику работниц;1926;Мурзилка;3
klokova.poezd.1925.txt;Клокова М.;Поезд;1925;Мурзилка;8
klokova.v_pohod.1926.txt;Клокова М.;В поход;1926;Мурзилка;2
kondratev.losi.1910.txt;А. Кондратьев ;Лоси;1910;Тропинка;2
kondratev.rannii_rassvet.1912.txt;А. Кондратьев;Ранний рассвет;1912;Задушевное слово;25
kononovich.na_salazkah.1925.txt;Кононович С.;На салазках, на лукошке;1925;Мурзилка;2
kononovich.utro.1925.txt;Кононович С.;Утро;1925;Мурзилка;4
konstantinova.mai.1918.txt;Константинова В.;Май;1918;Для наших детей;5
konstantinova.vspominautsya_nyanini_skazki.1917.txt;Константинова В.;Вспоминаются нянины сказки;1917;Для наших детей;10-11
kopitkin.rozhdestvenskaya_noch.1913.txt;С. Копыткин  ;Рождественская ночь;1913;Жаворонок;12
kopitkin.v_den_rozhdestva.1913.txt;С. Копыткин  ;В день рождества;1913;Жаворонок;12
korec.ledohod.1927.txt;Корец М.;Ледоход;1927;Мурзилка;3
korolev.vesna.1925.txt;Королев Н.;Весна;1925;Мурзилка;5
korsakov.zarya.1916.txt;Л. Корсаков ;Заря;1916;Жаворонок;3
kos.strax.1913.txt;Ю. Кос;Страх;1913;Жаворонок;10
kosunovich.poleteli.1919.txt;Косунович Л.;Полетели, полетели;1919;Северное сияние;10-12
krapivnickaya.rebyata_na_zhnitve.1927.txt;Крапивницкая О.;Ребята на жнитве;1928;Мурзилка;8
krapivnickaya.shkolniki.1928.txt;Крапивницкая О.;Школьники;1928;Мурзилка;3
kulik.detskii_miting.1923.txt;Кулик;Детский митинг;1923;Воробей;1
kuznechik.vse_dozhd_i_dozhd.1916.txt;Кузнечик;Все дождь и дождь;1916;Золотое детство;3
kuznecov.na_rabotu.1913.txt;А. Кузнецов;На работу;1913;Жаворонок;9
kuznecov.zarya.1915.txt;А. Кузнецов;Заря;1915;Жаворонок;2
l_z.baraban.1924.txt;Л. З. ;Барабан;1924;Мурзилка;6
l_z.u_kostra.1925.txt;Л. З. ;У костра;1925;Мурзилка;10
landskaya.ded_i_oktyabryata.1926.txt;Ландская Н.;Дед и октябрята;1926;Мурзилка;8
lebedev.katok.1927.txt;Лебедев К. ;Каток;1927;Мурзилка;12
lebedev.na_dvore.1928.txt;Лебедев К. ;На дворе;1928;Мурзилка;11
lebedev.nochuy.1929.txt;Лебедев К. ;Ночью;1929;Мурзилка;12
lebedev.petya_ribolov.1926.txt;Лебедев К. ;Петя-рыболов;1926;Мурзилка;6
leonovich.zhuk_bogatir.1924.txt;Леонович К.;Жук-богатырь;1924;Мурзилка;5
lesnoyi.znamena_vsudy_alie.1927.txt;Лесной П.;Знамена всюду алые;1927;Мурзилка;11
lipetskii.dorogo_nachalo.1915.txt;А. Липецкий ;начало;1915;Жаворонок;3
lipetskii.gale.1915.txt;А. Липецкий ;Гале;1915;Жаворонок;3
lipetskii.medved.1915.txt;А. Липецкий ;Медведь;1915;Жаворонок;12
lipetskii.nachalo_vesni.1914.txt;А. Липецкий ;Начало весны;1914;Жаворонок;4
lipetskii.posle_dozhdya.1915.txt;А. Липецкий;После дождя;1915;Жаворонок;18
lipetskii.ribnaya_lovlya.1915.txt;А. Липецкий ;Рыбная ловля;1915;Незабудка;9
lipetskii.sborshici.1915.txt;А. Липецкий ;Сборщицы;1915;Жаворонок;2
lipetskii.zima.1914.txt;А. Липецкий ;Зима;1914;Жаворонок;2
livkin.druzya.1927.txt;Ливкин Н.;Друзья;1927;Мурзилка;2
livkin.ezhik.1925.txt;Ливкин Н.;Ежик;1925;Мурзилка;7
livkin.hitrie_babochki.1924.txt;Ливкин Н.;Хитрые бабочки;1924;Мурзилка;4
livkin.kto_eto.1927.txt;Ливкин Н.;Кто это?;1927;Мурзилка;3
livkin.novoe_znakomstvo.1928.txt;Ливкин Н.;Новое знакомство;1928;Мурзилка;9
livkin.oktyabrenok.1925.txt;Ливкин Н.;Октябренок;1925;Мурзилка;11
livkin.osen.1926.txt;Ливкин Н.;Осень;1926;Мурзилка;10
livkin.osenuy.1927.txt;Ливкин Н.;Осенью;1927;Мурзилка;10
livkin.otdih_v_puti.1927.txt;Ливкин Н.;Отдых в пути;1927;Мурзилка;10
livkin.tryasoguzki.1926.txt;Ливкин Н.;Трясогузки;1926;Мурзилка;7
livkin.utrom_dozhdik_lil_bolshoi.1929.txt;Ливкин Н.;Утром дождик лил большой;1929;Мурзилка;8
livkin.vot_obida.1927.txt;Ливкин Н.;Вот обида;1927;Мурзилка;12
livkin.zimnii_gost.1927.txt;Ливкин Н.;Зимний гость;1927;Мурзилка;2
losev.son_rebenka.1914.txt;Лосев;Сон ребенка;1914;Незабудка;2
lvova.fialka.1915.txt;Е. Львова ;Фиалка ;1915;Незабудка;8
lyapustin.osen.1916.txt;С. Ляпустин;Осень;1916;Незабудка;10
maikov.zhavoronok_v_nebe.1914.txt;А. Майков ;Жаворонок в небе Бога хвалит;1914;Жаворонок;1
mandelshtam.chistilshik.1925.txt;Мандельштам О.;Чистильщик;1925;Новый робинзон;4
mandelshtam.kooperativ.1925.txt;Мандельштам О.;Кооператив;1925;Новый робинзон;4
mandelshtam.odeyalnaya_strana.1924.txt;Мандельштам О.;Одеяльная страна;1924;Новый робинзон;12
mandelshtam.poloter.1925.txt;Мандельштам О.;Полотер;1925;Новый робинзон;4
mandelshtam.zamorskie_deti.1924.txt;Мандельштам О.;Заморские дети;1924;Воробей;5
markiz.proishestvie.1912.txt;Маркиз Бо-бо ;Происшествие;1912;Светлячок;2
marov.stol_zlodei.1911.txt;В. Маров ;Стол-злодей;1911;Светлячок;14
marshak.pro_odnogo_chitatelya.1924.txt;Маршак С.;Про одного читателя;1924;Воробей;3
medvezhii_bratets.naskuchiv_vechno.1910.txt;Медвежий братец;Наскучив вечно жить разбоем;1910;Светлячок;19
meksin.bochari.1927.txt;Мексин Я.;Бочары;1927;Мурзилка;5
meksin.deti.1926.txt;Мексин Я.;Дети;1926;Сборник;Стройка
meksin.detskii_sad.1927.txt;Мексин Я.;Детский сад;1927;Мурзилка;1
meksin.kamenshiki.1926.txt;Мексин Я.;Каменщики;1926;Сборник;Стройка
meksin.krovelshiki.1926.txt;Мексин Я.;Кровельщики;1926;Сборник;Стройка
meksin.malyari.1926.txt;Мексин Я.;Маляры;1926;Сборник;Стройка
meksin.monteri.1926.txt;Мексин Я.;Монтеры;1926;Сборник;Стройка
meksin.na_ulice.1927.txt;Мексин Я.;На улице;1927;Мурзилка;7
meksin.plotniki.1926.txt;Мексин Я.;Плотники;1926;Сборник;Стройка
meksin.shel_peshkom.1927.txt;Мексин Я.;Шел пешком дед…;1927;Мурзилка;10
meksin.shtukaturi.1926.txt;Мексин Я.;Штукатуры;1926;Сборник;Стройка
meksin.stekolshiki.1926.txt;Мексин Я.;Стекольщики;1926;Сборник;Стройка
meksin.stolyari.1926.txt;Мексин Я.;Столяры;1926;Сборник;Стройка
meksin.zemlekopi.1926.txt;Мексин Я.;Землекопы;1926;Сборник;Стройка
mekskin.volki.1927.txt;Мексин Я.;Волки;1927;Мурзилка;11
miheev.katok.1914.txt;С. Михеев;Каток;1914;Жаворонок;1
miheev.vesna.1913.txt;С. Михеев;Весна;1913;Жаворонок;5
milyaev.na_pchelnike.1915.txt;В. Миляев;На пчельнике;1915;Жаворонок;13
mityai.musika_truda.1924.txt;Митяй;Музыка труда;1924;Мурзилка;2
molot.u_detei_podvalov.1916.txt;С. Молот;У детей подвалов;1916;Незабудка;1
moravskaya.na_ldu.1911.txt;М. Моравская;На льду;1911;Тропинка;2
moravskaya.neudacha.1912.txt;М. Моравская;Неудача;1912;Тропинка;10
moravskaya.novosele.1912.txt;М. Моравская;Новоселье;1912;Тропинка;6
moravskaya.volchya_toska.1912.txt;М. Моравская;Волчья тоска;1912;Тропинка;2
morozov.ptichke.1916.txt;И. Морозов ;Птичке;1916;Жаворонок;7
morozova.po_derevne_nashei_redko.1927.txt;Морозова Е.;По деревне нашей редко;1927;Мурзилка;9
mukoseev.lastochki.1916.txt;И. Мукосеев ;Ласточки;1916;Жаворонок;2
mukoseev.pered_raspyatiem.1915.txt;И. Мукосеев;Перед распятием;1915;Жаворонок;22
mukoseev.podsnezhnii_cvetok.1915.txt;И. Мукосеев;Подснежный цветок;1915;Жаворонок;6
n_l.leshii.1910.txt;Н. Л. ; Леший;1910;Светлячок;20
n_l.torzhestvo_igrushek.1910.txt;Н. Л. ;Торжество игрушек;1910;Светлячок;17
n_l.u_pokinutoi_dachi.1910.txt;Н. Л. ;У покинутой дачи;1910;Светлячок;21
nasimovich.ciplyata.1927.txt;Насимович А.;Цыплята;1927;Мурзилка;4
nasimovich.doroga.1926.txt;Насимович А.;Дорога;1926;Мурзилка;12
nasimovich.duren.1912.txt;Насимович А.;Дурень;1912;Тропинка;10
nasimovich.dva_rabotnika.1926.txt;Насимович А.;Два работника;1926;Мурзилка;5
nasimovich.dyatel.1927.txt;Насимович А.;Дятел;1928;Мурзилка;7
nasimovich.igra_v_pryatki.1911.txt;Насимович А.;Игра в прятки;1911;Тропинка;21-22
nasimovich.kapustnik.1910.txt;Насимович А.;Капустник;1910;Тропинка;19
nasimovich.konduktorsha.1927.txt;Насимович А.;Кондукторша;1927;Мурзилка;9
nasimovich.lenivaya_nevesta.1910.txt;Насимович А.;Ленивая невеста;1910;Тропинка;4
nasimovich.lepka.1925.txt;Насимович А.;Лепка;1925;Мурзилка;12
nasimovich.leto.1912.txt;Насимович А.;Лето;1912;Тропинка;8
nasimovich.metelica.1911.txt;Насимович А.;Метелица;1911;Тропинка;1
nasimovich.na_stroike.1925.txt;Насимович А.;На стройке;1925;Мурзилка;7
nasimovich.oboz.1927.txt;Насимович А.;Обоз;1927;Мурзилка;11
nasimovich.oves.1926.txt;Насимович А.;Овес;1926;Мурзилка;9
nasimovich.rycheek.1910.txt;Насимович А.;Ручеек;1910;Тропинка;13
nasimovich.shalashik.1927.txt;Насимович А.;Шалашик;1927;Мурзилка;7
nasimovich.staruha_zima.1910.txt;Насимович А.;Старуха Зима;1910;Тропинка;6
nasimovich.vnuk.1927.txt;Насимович А.;Внук;1927;Мурзилка;11
nechaev.u_kolibeli.1912.txt;Е. Нечаев;У колыбели;1912;Светлячок;11
nefedov.mai.1925.txt;Нефедов Ф.;Май;1925;Мурзилка;5
nefedov.melnica.1929.txt;Нефедов Ф.;Мельница;1929;Мурзилка;8
nemirova.aprel.1927.txt;Немирова Е.;Апрель;1927;Мурзилка;4
nemirova.po_gribi_po_yagodi.1927.txt;Немирова Е.;По грибы по ягоды;1927;Мурзилка;7
nevskoi.iz_okna.1912.txt;А. Невской;Из окна;1912;Задушевное слово;3
nikiforova.lubov_slepa.1912.txt;Л. Никифорова;Любовь слепа;1912;Светлячок;11
norich.osenyu.1926.txt;Норич Д.;Осенью;1926;Мурзилка;10
novik.pesnya_slepogo.1914.txt;Н. Новик ;Песня слепого;1914;Незабудка;8
novik.siny.1914.txt;Н. Новик ;Сыну;1914;Незабудка;7
novik.vorobei.1914.txt;Н. Новик ;Воробей;1914;Незабудка;9
obolenskaya.lesnoi_bal.1916.txt;З. Оболенская ;Лесной бал;1916;Жаворонок;5
oreshin.v_sadu.1914.txt;П. Орешин ;В саду;1914;Жаворонок;6
osipchuk.k_solnishku.1916.txt;Осипчук;К солнышку;1916;Золотое детство;2
osmolovskii.k_reke.1915.txt;А. Осмоловский ;К реке;1915;Незабудка;8
panin.v_svyatochnuyu_noch.1913.txt;В. Панин ;В святочную ночь;1913;Для наших детей;1
pasternak.karusel.1925.txt;Пастернак Б.;Карусель;1925;Новый робинзон;9
pavlova.vesnoi.1924.txt;Павлова А.;Весной;1924;Мурзилка;1
pavlovich.krisa.1924.txt;Павлович Н.;Крыса;1924;Воробей;1
pavlovich.starii_volk.1923.txt;Павлович Н.;Старый волк;1923;Воробей;2
pisareva.vesna.1913.txt;Ю. Писарева ;Весна ;1913;Жаворонок;4
platonova.hristos_voskrese.1915.txt;А. Платонова ;Христос воскресе;1915;Незабудка;3
platonova.v_mae.1914.txt;Платонова ;В мае;1914;Незабудка;5
polonskaya.muraveigrad.1924.txt;Полонская Е.;Муравей-град;1924;Воробей;4
polonskaya.pro_knigi.1924.txt;Полонская Е.;Про книги;1924;Воробей;2
popov.laska_mesyatsa.1915.txt;П. Попов;Ласка месяца;1915;Жаворонок;13
popov.moi_zavet.1913.txt;В. Попов ;Мой завет;1913;Жаворонок;10
popov.moroz_charodei.1914.txt;П. Попов;Мороз-Чародей;1914;Жаворонок;11
popov.rozhdestvo_hristovo.1914.txt;П. Попов;Рождество Христово;1914;Жаворонок;12
pozharova.babushkina_kasha.1927.txt;Пожарова М.;Бабушкина каша;1928;Мурзилка;7
pozharova.elfi.1912.txt;Пожарова М.;Эльфы;1912;Тропинка;5
pozharova.ezh.1929.txt;Пожарова М.;Еж ;1929;Мурзилка;6
pozharova.na_luzhaike.1929.txt;Пожарова М.;На лужайке;1929;Мурзилка;8
pozharova.na_ulitse.1928.txt;Пожарова М.;На улице;1928;Мурзилка;4
pozharova.oduvanchik.1911.txt;Пожарова М.;Одуванчик;1911;Тропинка;11
pozharova.petushok.1915.txt;Пожарова М.;Петушок;1915;Жаворонок;1
pozharova.portret.1928.txt;Пожарова М.;Портрет;1928;Мурзилка;9
pozharova.posuda.1927.txt;Пожарова М.;Посуда;1928;Мурзилка;8
pozharova.tanina_kukla.1914.txt;Пожарова М.;Танина кукла;1914;Жаворонок;11
pozharova.v_zimnem_bezzvuchii.1912.txt;Пожарова М.;В зимнем беззвучии;1912;Задушевное слово;13
pozharova.vesennii_les.1912.txt;Пожарова М.;Весенний лес;1912;Задушевное слово;26
pozharova.voskresenie_vesni.1912.txt;Пожарова М.;Воскрение весны;1912;Тропинка;4
pozharova.yabloki.1928.txt;Пожарова М.;Яблоки;1928;Мурзилка;8
pozharova.za_stolom.1928.txt;Пожарова М.;За столом;1928;Мурзилка;10
pozharova.zimoi.1927.txt;Пожарова М.;Зимой;1927;Мурзилка;12
pozharova.zimoi.1928.txt;Пожарова М.;Зимой;1928;Мурзилка;12
ribakov.koshka_s_kotyatami.1927.txt;Рыбаков П.;Кошка с котятами;1927;Мурзилка;5
ribakov.pro_kota.1924.txt;Рыбаков П.;Про кота;1924;Мурзилка;6
ribakov.pro_tegu.1924.txt;Рыбаков П.;Про "тегу";1924;Мурзилка;3
riki-tiki.grustnaya_istoria.1911.txt;Рики-Тики ;Грустная история;1911;Светлячок;13
riki-tiki.mechti.1911.txt;Рики-Тики ;Мечты;1911;Тропинка;15
riki-tiki.pokinutii.1911.txt;Рики-Тики ;Покинутый;1911;Тропинка;17
riki-tiki.severnaya_vesna.1911.txt;Рики-Тики ;Северная весна;1911;Тропинка;10
roslavleev.vest_kolokolov.1913.txt;А. Рославлеев;Весть колоколов;1913;Жаворонок;4
roslavlev.berezi.1915.txt;А. Рославлеев;Березы;1915;Жаворонок;10
roslavlev.pcheli.1915.txt;А. Рославлеев;Пчелы;1915;Жаворонок;9
roslavlev.petrushka.1914.txt;А. Рославлеев;Петрушка;1914;Жаворонок;2
rozhkov.na_lodke.1913.txt;А. Рожков;На лодке ;1913;Жаворонок;7
rustanov.hristos_voskres.1911.txt;Н. Рустанов ;Христос Воскрес;1911;Светлячок;8
ryazanov.blagoslovi_gospod.1917.txt;Рязанов Н.;Благослови, Господь;1917;Незабудка;1
s_d.nezvannie_gosti.1911.txt;С. Д. ;Незваные гости;1911;Светлячок;7
s_d.obedennie_druziya.1910.txt;С. Д;Обеденные друзья;1910;Светлячок;14
s_d.ochen_dovolni.1911.txt;С. Д. ;Очень довольны;1911;Светлячок;1
s_d.plennica.1910.txt;С. Д. ;Пленница;1910;Светлячок;7
s_d.sidite_tiho.1911.txt;С. Д.;Сидите тихо;1911;Светлячок;18
s_d.svyatochnii_ded.1911.txt;С. Д. ;Святочный дед;1911;Светлячок;1
s_d.v_put_dorogu.1911.txt;С. Д. ;В путь-дорогу;1911;Светлячок;4
s_d.zadushevnoe_zhelanie.1910.txt;С. Д. ;Задушевное желание;1910;Светлячок;19
s_m.esli_zaichiki_igraut.1924.txt;С. М. ;Если зайчики играют;1924;Мурзилка;7
sakonskaya.golodno.1928.txt;Саконская Н.;Голодно;1928;Мурзилка;9
sakonskaya.mak.1927.txt;Саконская Н.;Мак;1928;Мурзилка;8
sakonskaya.osennyaya_oktyabrskaya.1928.txt;Саконская Н.;Осенняя-октябрьская;1928;Мурзилка;11
sakonskaya.ugolshik.1928.txt;Саконская Н.;Угольщик;1928;Мурзилка;10
sakonskaya.vesna.1928.txt;Саконская Н.;Весна;1928;Мурзилка;4
sakonskaya.zimnyaya_pesenka.1927.txt;Саконская Н.;Зимняя песенка;1927;Мурзилка;12
sam_dedushka.pered_snom.1911.txt;Сам Дедушка;Перед сном;1911;Светлячок;2
semenov.grazhdanin.1916.txt;С. Семенов ;Гражданин;1916;Жаворонок;7
semenov.malutke.1915.txt;С. Семенов ;Малютке;1915;Жаворонок;21
semenov.nochyu.1916.txt;С. Семенов ;Ночью;1916;Жаворонок;6
semenov.pesnya_mami.1916.txt;С. Семенов ;Песня мамы;1916;Жаворонок;9
semenov.pismetso.1916.txt;С. Семенов ;Письмецо;1916;Жаворонок;7
semenov.rassvet.1915.txt;С. Семенов ;Рассвет;1915;Жаворонок;8
semenov.rozhdestvo_hristovo.1915.txt;С. Семенов;Рождество Христово;1915;Жаворонок;24
semenov.ti_hochesh_pet.1915.txt;С. Семенов ;Ты хочешь петь?..;1915;Жаворонок;21
semenov.v_pole.1916.txt;С. Семенов ;В поле;1916;Жаворонок;6
semenov.vanya.1916.txt;С. Семенов;Ваня;1916;Жаворонок;1
semiluckaya.nishenka.1914.txt;Л. Семилуцкая ;Нищенка;1914;Жаворонок;5
semiluckaya.osen.1914.txt;Л. Семилуцкая ;Осень;1914;Жаворонок;9
sergeev.gudok.1924.txt;Сергеев Е.;Гудок;1924;Мурзилка;3
sevastyanov.bezhenets.1916.txt;Севастьянов А. Н.;Беженец;1916;Незабудка;1
sevastyanov.letom_v_lesu.1915.txt;Севастьянов А. Н.;Летом в лесу;1915;Незабудка;8
sevastyanov.ranenim.1915.txt;Севастьянов А. Н.;Раненым;1915;Незабудка;3
sevastyanov.rassvet.1914.txt;Севастьянов А. Н.;Рассвет;1914;Незабудка;3
sevastyanov.s_dobrim_utrom.1914.txt;Севастьянов А. Н.;С добрым утром;1914;Незабудка;6
sevastyanov.utro.1914.txt;Севастьянов А. Н.;Утро;1914;Незабудка;8
sevastyanov.v_selskom_hrame.1917.txt;Севастьянов А. Н.;В сельском храме;1917;Незабудка;1
shaginyan.nyanino_gore.1912.txt;М. Шагинян;Нянино горе;1912;Тропинка;12
shebuev.radio.1929.txt;Шебуев Г.;Радио ;1929;Мурзилка;6
shegolev.pashalnoe_utro.1918.txt;Щеголев Т.;Пасхальное утро;1918;Для наших детей;4
shegolev.solnca_yarkogo_luchi.1915.txt;Щеголев Т.;Солнца яркого лучи;1915;Для наших детей;3
shegolev.svetlii_zvon.1915.txt;Щеголев Т.;Светлый звон;1915;Для наших детей;4
shegolev.v_ozhidanii_vesni.1915.txt;Щеголев Т.;В ожидании весны;1915;Для наших детей;3
shekin.tuchi.1917.txt;Щекин В.;Тучи;1917;Для наших детей;10-11
shervinskii.malyar.1925.txt;Шервинский С.;Маляр;1925;Сборник;Мастера и детвора
shervinskii.prachka.1925.txt;Шервинский С.;Прачка;1925;Сборник;Мастера и детвора
shervinskii.sapozhnik.1925.txt;Шервинский С.;Сапожник;1925;Сборник;Мастера и детвора
sholok.belochka.1927.txt;Шолок Э.;Белочка;1927;Мурзилка;10
sholok.oktyabrskaya_pesnya.1928.txt;Шолок Э.;Октябрьская песня;1928;Мурзилка;11
shvarcbah.podsnezhnik.1912.txt;Е. Шварцбах;Подснежники;1912;Светлячок;11
shvarcbah_molchanova.kupatsya.1927.txt;Шварцбах-Молчанова Е.;Купаться;1928;Мурзилка;7
shvarcbah_molchanova.na_yug.1928.txt;Шварцбах-Молчанова Е.;На юг;1928;Мурзилка;9
shvarcbah_molchanova.shumovoi_orkestr.1928.txt;Шварцбах-Молчанова Е.;Шумовой оркестр;1928;Мурзилка;11
shvarz.igra_v_lagere.1925.txt;Шварц Е.;Игра в лагере;1925;Новый робинзон;2
soloveva.bubenchiki.1928.txt;Соловьева М.;Бубенчики;1928;Мурзилка;8
soloveva.chashechka_i_kadushka.1924.txt;Соловьева П.;Чашечка и кадушка;1924;Воробей;2
soloveva.koshachi_pravila.1924.txt;Соловьева П.;Кошачьи правила;1924;Новый робинзон;12
soloveva.len.1924.txt;Соловьева П.;Лен;1924;Новый робинзон;12
soloveva.mart.1924.txt;Соловьева П.;Март;1924;Воробей;3
soloveva.osen.1927.txt;Соловьева М.;Осень;1927;Мурзилка;9
soloveva.po_zelenomu_otkosu.1926.txt;Соловьева М.;По зеленому откосу;1926;Мурзилка;8
soloveva.u_volodi_v_ogorode.1929.txt;Соловьева М.;У Володи в огороде;1929;Мурзилка;6
soloveva.vesna.1926.txt;Соловьева М.;Весна;1926;Мурзилка;5
solovyeva.5_marta_1861.1911.txt;П. Соловьева;5 марта 1861 г.;1911;Тропинка;4
solovyeva.svete_tihii.1911.txt;П. Соловьева;Свете тихий;1911;Тропинка;19
solovyeva.zheni_mironositsi.1910.txt;П. Соловьева ;Жены-мироносицы;1910;Тропинка;8
stepanova.konki.1928.txt;Степанова М.;Коньки;1928;Мурзилка;12
stepanova.parovoi_katok.1927.txt;Степанова М.;Паровой каток;1927;Мурзилка;9
stepanova.pochtalon.1927.txt;Степанова М.;Почтальон;1927;Мурзилка;12
stepanova.podsolnechnik.1926.txt;Степанова М.;Подсолнечник;1926;Мурзилка;8
stepanova.podsolnechnik.1927.txt;Степанова М.;Подсолнечник;1927;Мурзилка;7
stepanova.snezhnoe_chuchelo.1926.txt;Степанова А.;Снежное чучело;1926;Мурзилка;3
stepanova.sosulka.1928.txt;Степанова М.;Сосулька;1928;Мурзилка;3
strahova.ledyanie_sosulki.1928.txt;Страхова Н.;Ледяные сосульки;1928;Мурзилка;3
strahova.starevshik.1928.txt;Страхова Н.;Старьевщик;1928;Мурзилка;10
strogov.oktyabrskaya_pesnya.1924.txt;Строгов С.;Октябрьская песня;1924;Мурзилка;7
suvorova.iul.1914.txt;В. Суворова ;Июль;1914;Незабудка;7
t_o.graf_de_kris.1910.txt;Т. О.;Граф де-Крыс;1910;Светлячок;21
t_o.korablik_kroshka.1910.txt;Т. О. ;Кораблик-крошка;1910;Светлячок;12
t_o.novii_lubimchik.1910.txt;Т. О. ;Новый любимчик;1910;Светлячок;3
t_o.umnii_bobi.1910.txt;Т. О. ;Умный Бобби;1910;Светлячок;3
t_o.v_ptichei_stolovoi.1911.txt;Т. О. ;В птичьей столовой;1911;Светлячок;1
t_o.volya.1924.txt;Т. О.;Воля;1924;Мурзилка;6
t_o.zhuzhu_frantiha.1911.txt;Т. О. ;Жужу-франтиха;1911;Светлячок;14
tambellini.iskorki.1926.txt;Тамбеллини В.;Искорки;1926;Мурзилка;9
tambellini.liven.1927.txt;Тамбеллини В.;Ливень;1928;Мурзилка;7
tambellini.marsh_oktyabryat.1925.txt;Тамбеллини В.;Марш октябрят;1925;Мурзилка;9
tambellini.na_zavode.1926.txt;Тамбеллини В.;На заводе;1926;Мурзилка;7
tambellini.po_gribi.1928.txt;Тамбеллини В.;По грибы ;1928;Мурзилка;9
tambellini.telka.1928.txt;Тамбеллини В.;Телка;1928;Мурзилка;10
tambellini.zhatva.1928.txt;Тамбеллини В.;Жатва;1928;Мурзилка;8
tarahovskaya.kak_priehal.1924.txt;Тараховская Е.;Как приехал шоколад в Ленинград;1924;Новый робинзон;8
tihonov.marabu_i_aeroplan.1923.txt;Тихонов Н.;Марабу и аэроплан;1923;Воробей;2
tislenko.sirota.1913.txt;Я. Тисленко ; Сирота;1913;Жаворонок;5
tislenko.v_pashalnuyu_noch.1914.txt;Я. Тисленко ;В пасхальную ночь;1914;Жаворонок;4
tislenko.zhavoronok.1913.txt;Я. Тисленко ;Жаворонок;1913;Жаворонок;1
tkach_osnova.ee_pechal.1910.txt;Ткач Основа ;Ее печаль;1910;Светлячок;12
tkach_osnova.kotik_kazhetsya_bolen.1910.txt;Ткач Основа ;Котик кажется болен;1910;Светлячок;21
tkach_osnova.strannii_dozhd.1924.txt;Ткач Основа ;Странный дождь;1924;Мурзилка;2
tkach_osnova.tozhe_pahar.1924.txt;Ткач Основа ;Тоже пахарь;1924;Мурзилка;2
trybin.petina_mechta.1913.txt;И.Трубин;Петина мечта;1913;Жаворонок;12
tyurin.letom.1916.txt;Е. Тюрин ;Летом;1916;Жаворонок;6
tyurin.oduvanchik.1914.txt;Е. Тюрин;Одуванчик;1914;Жаворонок;9
umanov-kaplinovskii.sharmanshik.1912.txt;В. Уманов-Каплуновский;Шармащик;1912;Задушевное слово;13
uralskii.dlya_kogo.1915.txt;П. Уральский;Для кого?;1915;Жаворонок;1
uralskii.letom.1915.txt;П. Уральский ;Летом;1915;Жаворонок;15
uralskii.molodost.1913.txt;П. Уральский;Молодость;1913;Жаворонок;5
urvantsov.proishestvie.1912.txt;Урванцов;Происшествие;1912;Тропинка;12
vain.vanya_gramotei.1929.txt;Вайн Ел.;Ваня-грамотей;1929;Мурзилка;6
vasilenko.zimoi.1912.txt;В. Василенко;Зимой;1912;Светлячок;2
vdovin.sirotinka.1914.txt;Вдовин;Сиротинка;1915;Малым ребятам;3
vengrov.pro_gnedogo.1926.txt;Венгров Н.;Про гнедого;1926;Мурзилка;11
vladichina.buhartsi.1928.txt;Владычина Г.;Бухарцы;1928;Сборник;По советскому союзу
vladichina.dagestanets.1928.txt;Владычина Г.;Дагестанец;1928;Сборник;По советскому союзу
vladichina.kirgiz.1928.txt;Владычина Г.;Киргиз;1928;Сборник;По советскому союзу
vladichina.pomori.1928.txt;Владычина Г.;Поморы;1928;Сборник;По советскому союзу
vladichina.samoed.1928.txt;Владычина Г.;Самоед;1928;Сборник;По советскому союзу
vladichina.tatarin.1928.txt;Владычина Г.;Татарин в Крыму;1928;Сборник;По советскому союзу
vladichina.uzbek.1928.txt;Владычина Г.;Узбек;1928;Сборник;По советскому союзу
vladichina.yakut.1928.txt;Владычина Г.;Якут;1928;Сборник;По советскому союзу
vlasov_okskii.na_salazkah.1928.txt;Власов-Окский Н.;На салазках;1928;Мурзилка;12
vlasov_okskii.parohod.1927.txt;Власов-Окский Н.;Пароход;1928;Мурзилка;7
vlasov_okskii.radiolubitel.1927.txt;Власов-Окский Н.;Радиолюбитель;1927;Мурзилка;11
vlasov_okskii.telefonistka.1927.txt;Власов-Окский Н.;Телефонистка;1927;Мурзилка;11
vlasov_okskii.vorobei.1928.txt;Власов-Окский Н.;Воробей;1928;Мурзилка;12
vuzya.kitaichonok.oktyabryatam.1925.txt;Вузя;Китайчонок-октябрятам;1925;Мурзилка;3
vuzya.malenkii_sportsmen.1925.txt;Вузя;Маленький спортсмен;1925;Мурзилка;2
yanovskii.nischii.1913.txt;Е. Яновский;Нищий;1913;Жаворонок;8
yasenskaya.irochka.1911.txt;Е. Ясенская ;Ирочка;1911;Светлячок;18
yunosov.v_boru.1914.txt;В. Юнусов;В бору;1914;Жаворонок;8
yunosov.zhavoronok.1915.txt;В. Юносов;Жаворонок;1915;Жаворонок;1
zabludovskii.7_noyabrya.1925.txt;Заблудовский М.;7 ноября;1925;Мурзилка;11
zatishinskaya.zimoi.1914.txt;Затишинская;Зимой;1914;Незабудка;1
zemnaya.nata_bolshaya.1927.txt;Земная А.;Ната большая;1927;Мурзилка;10
zhuk.oduvanchiki.1927.txt;Жук О.;Одуванчики;1927;Мурзилка;5
zhuk.pesenka_o_krapive.1925.txt;Жук О.;Песенка о крапиве;1925;Мурзилка;4
zhuk.v_lesu_na_lizhah.1927.txt;Жук О.;В лес на лыжах;1927;Мурзилка;1
zorech.duhi_vesni.1912.txt;Н. Зоречь;Духи весны;1912;Задушевное слово;24
zorech.pesni_molodoi_truzhenici.1912.txt;Н. Зоречь;Песнь молодой труженици;1912;Задушевное слово;16
zorech.tsarica_snov.1912.txt;Н. Зоречь;Царица снов;1912;Задушевное слово;17
zorev.vecher_v_sele.1914.txt;П. Зорев;Вечер в селе;1914;Жаворонок;4
zubovskii.detyam.1913.txt;Ю. Зубовский ;Детям;1913;Жаворонок;2
zubovskii.glazki_malenkoi_manuli.1916.txt;Ю. Зубовский ;Глазки маленькой Манюли;1916;Жаворонок;3
zubovskii.grad_i_dozhd.1916.txt;Ю. Зубовский ;Град и дождь;1916;Жаворонок;9
zubovskii.kaprizi.1915.txt;Ю. Зубовский ;Капризы;1915;Жаворонок;3
zubovskii.kolibelnie_pesenki.1916.txt;Ю. Зубовский ;Колыбельные песенки;1916;Жаворонок;1
zubovskii.molites_deti.1915.txt;Ю. Зубовский ;Молитесь, дети;1915;Жаворонок;1
zubovskii.nad_kolibelu.1916.txt;Ю. Зубовский ;Над колыбелью;1916;Жаворонок;11
zubovskii.otzveneli_davno_ledohodi.1916.txt;Ю. Зубовский ;Отзвенели давно ледоходы…;1916;Жаворонок;3
zubovskii.princessa_zvezdochka.1913.txt;Ю. Зубовский ;Принцесса-звездочка;1913;Жаворонок;5
zubovskii.rebenku.1914.txt;Ю. Зубовский ;Ребенку;1914;Жаворонок;9
zubovskii.segodnya_den_pevuch.1916.txt;Ю. Зубовский ;Сегодня день певуч и звонок.;1916;Жаворонок;4
zubovskii.snegurka.1914.txt;Ю. Зубовский ;Снегурка;1914;Жаворонок;12
zubovskii.sochelnik.1916.txt;Ю. Зубовский ;Сочельник;1916;Жаворонок;12
zubovskii.soldati.1916.txt;Ю. Зубовский ;Солдаты ;1916;Жаворонок;9
zubovskii.u_malenkogo.1914.txt;Ю. Зубовский ;У маленького Леки задумчивые глазки;1914;Жаворонок;10
zubovskii.v_mae.1916.txt;Ю. Зубовский ;В мае;1916;Жаворонок;5
zubovskii.v_serebryanuyu_noch.1916.txt;Ю. Зубовский ;В серебряную ночь;1916;Жаворонок;12
zubovskii.vecher.1916.txt;Ю. Зубовский ;Вечер;1916;Жаворонок;2
zubovskii.zima.1916.txt;Ю. Зубовский ;Зима;1916;Жаворонок;11
zubovskii.zimnii_hor.1916.txt;Ю. Зубовский ;Зимний хор;1916;Жаворонок;11
